,BeanOrigin,Rating,CocoaPercent,BeanType
0,Sao Tome,3.75,63%, 
1,Togo,2.75,70%, 
2,Togo,3.0,70%, 
3,Togo,3.5,70%, 
4,Peru,3.5,70%, 
5,Venezuela,2.75,70%,Criollo
6,Cuba,3.5,70%, 
7,Venezuela,3.5,70%,Criollo
8,Venezuela,3.75,70%,Criollo
9,Peru,4.0,70%, 
10,Panama,2.75,70%, 
11,Madagascar,3.0,70%,Criollo
12,Brazil,3.25,70%, 
13,Ecuador,3.75,70%, 
14,Colombia,2.75,70%, 
16,Papua New Guinea,3.25,70%, 
17,Venezuela,4.0,70%,Trinitario
18,Peru,3.25,70%, 
19,Peru,3.5,70%, 
20,Peru,4.0,63%, 
21,Bolivia,3.5,70%, 
22,Peru,3.75,63%, 
23,Peru,3.75,70%, 
24,Peru,3.75,70%,Criollo
25,Fiji,2.75,60%,Trinitario
26,Fiji,3.25,80%,Trinitario
27,Fiji,3.5,88%,Trinitario
28,Fiji,3.5,72%,Trinitario
29,Ecuador,2.75,55%,Forastero (Arriba)
30,Ecuador,3.0,70%,Forastero (Arriba)
31,Mexico,3.0,70%,Criollo
32,Indonesia,3.75,75%,Trinitario
33,Madagascar,2.75,75%,Criollo
34,Brazil,2.75,75%,Forastero
35,Trinidad,2.75,65%,Trinitario
36,Vietnam,2.75,75%,Trinitario
37,Madagascar,3.0,75%,Trinitario
38,Venezuela,2.5,75%,Trinitario
39,Peru,2.5,75%, 
40,Ecuador,3.5,70%,Forastero (Nacional)
41,Nicaragua,3.5,70%,"Criollo, Trinitario"
42,Vietnam,3.5,70%,Trinitario
43,Tanzania,3.5,70%,Forastero
44,Nicaragua,2.75,60%, 
45,Peru,3.0,60%, 
46,Bolivia,2.5,60%, 
47,Peru,2.5,60%, 
48,Ecuador,2.75,60%, 
49,Venezuela,2.5,60%, 
50,Dominican Republic,3.0,60%,Trinitario
51,Bolivia,3.25,80%, 
52,Bolivia,3.0,60%, 
53,Peru,3.25,60%, 
54,Papua New Guinea,4.0,70%, 
55,Dominican Republic,3.75,70%, 
56,Ecuador,4.0,70%, 
57,Venezuela,3.0,70%,Trinitario
58,Venezuela,3.0,70%, 
59,Indonesia,2.75,70%, 
60,Madagascar,3.5,70%,Trinitario
61,Venezuela,3.0,70%, 
62,Venezuela,3.75,70%,Criollo
63,Ghana,3.0,70%,Forastero
64,Ecuador,2.75,70%, 
65,Ecuador,2.75,85%, 
66,Ghana,3.0,85%,Forastero
67,Peru,3.25,72%, 
68,Peru,3.5,73%,Trinitario
69,Belize,3.0,64%,Trinitario
70,Madagascar,3.25,66%,Trinitario
71,Dominican Republic,3.25,75%, 
72,Papua New Guinea,3.25,63%, 
73,Venezuela,3.25,70%, 
74,Peru,3.5,68%, 
75,Peru,3.75,70%, 
76,Venezuela,4.0,70%,Criollo (Porcelana)
78,Venezuela,5.0,70%,Trinitario
79,Ecuador,3.0,70%,Trinitario
80,Jamaica,3.0,70%,Trinitario
81,Grenada,3.5,70%,Trinitario
82,Venezuela,3.75,70%,Trinitario (85% Criollo)
83,Madagascar,4.0,70%,Trinitario (85% Criollo)
84,Trinidad,3.5,70%,Trinitario
88,Brazil,3.25,75%,Forastero (Catongo)
89,Brazil,2.75,85%,Forastero (Parazinho)
90,Brazil,3.75,50%,Forastero (Parazinho)
91,Brazil,3.75,75%,Forastero (Parazinho)
92,Brazil,4.0,60%,Forastero (Parazinho)
93,Dominican Republic,3.0,75%, 
94,Bolivia,3.5,75%, 
95,Madagascar,3.0,75%,Trinitario
96,Mexico,2.5,72%, 
97,Ecuador,2.75,75%, 
98,Venezuela,3.0,75%, 
99,Trinidad,3.5,70%,Trinitario
100,Tanzania,3.75,70%, 
101,Vietnam,3.5,73%,Trinitario
102,Ecuador,3.25,70%, 
103,Ecuador,3.25,70%, 
104,Guatemala,3.5,70%, 
105,Nicaragua,3.75,70%, 
106,Honduras,3.5,70%, 
107,Costa Rica,4.0,70%, 
108,Peru,4.0,70%,Forastero (Nacional)
109,Dominican Republic,3.75,70%, 
110,Fiji,3.25,70%, 
111,Vietnam,3.25,73%, 
112,Brazil,3.5,70%, 
113,Peru,3.5,68%,Forastero (Nacional)
114,Ecuador,3.75,70%,Forastero (Nacional)
116,Belize,3.75,70%,Trinitario
117,Nicaragua,4.0,70%,"Criollo, Trinitario"
118,Brazil,2.75,75%, 
119,Guatemala,3.25,70%, 
120,Ecuador,3.5,75%, 
121,Trinidad,3.25,72%,Trinitario
122,Colombia,3.75,72%, 
123,Haiti,4.0,72%, 
124,Panama,2.75,72%, 
125,Venezuela,1.75,100%, 
126,Jamaica,3.75,72%,Trinitario
127,Costa Rica,3.25,72%, 
128,Vietnam,3.25,72%,Trinitario
129,Indonesia,3.5,72%, 
130,Venezuela,2.5,75%,"Criollo, Trinitario"
131,Indonesia,2.75,72%,Trinitario
132,Brazil,1.75,72%, 
133,Madagascar,3.0,80%,"Criollo, Trinitario"
134,Peru,3.0,75%,Criollo
135,Dominican Republic,3.25,72%,Trinitario
136,Congo,3.75,72%,Forastero
137,Colombia,2.75,72%,Trinitario
138,Tanzania,3.75,68%,Trinitario
139,Tanzania,3.75,72%,Trinitario
140,Honduras,3.75,70%,Trinitario
141,Philippines,3.75,77%,Trinitario
142,Mexico,2.5,75%,Trinitario
143,Ecuador,3.0,70%,Forastero (Arriba)
145,Papua New Guinea,3.5,70%, 
146,Madagascar,3.0,70%,Trinitario
147,Brazil,2.5,70%, 
149,Peru,2.75,70%, 
150,Peru,3.5,70%, 
151,Brazil,3.5,70%, 
152,Peru,4.0,70%,Forastero (Nacional)
153,Dominican Republic,3.25,70%, 
154,Mexico,3.5,70%, 
155,Madagascar,3.75,70%,Trinitario
156,Costa Rica,2.75,80%, 
158,Brazil,3.75,70%, 
159,Ecuador,3.25,65%, 
160,Malaysia,3.0,73%, 
161,Malaysia,3.25,72%, 
162,Brazil,2.75,80%, 
164,Ecuador,2.75,70%, 
165,Ecuador,2.75,90%, 
166,Costa Rica,2.75,64%, 
167,Papua New Guinea,2.75,64%, 
168,Peru,2.75,64%, 
169,Ecuador,3.5,71%, 
170,Tanzania,3.5,70%,"Criollo, Trinitario"
171,Bolivia,3.25,70%, 
173,Belize,2.75,83%,Trinitario
174,Belize,3.0,78%,Trinitario
175,Belize,3.5,83%,Trinitario
176,Cuba,3.5,74%,Trinitario
177,Venezuela,3.5,74%,Criollo
178,Venezuela,3.5,74%,Criollo
179,Ecuador,4.0,73%,Trinitario
180,Indonesia,4.0,72%,Trinitario
181,Madagascar,3.75,72%,Trinitario
183,Madagascar,3.0,64%,Trinitario
184,Venezuela,3.0,88%,Criollo
185,Venezuela,3.5,72%, 
186,Ecuador,4.0,72%, 
187,Venezuela,3.25,70%,Trinitario
188,Venezuela,3.25,74%,Criollo (Porcelana)
189,Indonesia,3.5,64%, 
190,Venezuela,3.5,72%, 
191,Nicaragua,2.5,76%, 
192,Costa Rica,2.5,76%, 
193,Costa Rica,2.5,78%, 
194,Belize,3.25,86%,Trinitario
195,Ghana,3.5,72%,Forastero
196,Indonesia,3.25,75%, 
198,Indonesia,2.75,65%, 
199,Madagascar,3.0,70%,Trinitario
200,Venezuela,3.0,78%,Criollo
201,Dominican Republic,3.0,75%, 
202,Dominican Republic,3.5,65%, 
203,Madagascar,3.25,75%,Trinitario
204,Madagascar,3.5,65%,Trinitario
205,Madagascar,3.0,71%,Trinitario
206,Panama,3.5,75%, 
207,Dominican Republic,3.75,68%, 
208,Ghana,3.0,70%,Forastero
209,Dominican Republic,2.75,70%, 
210,Venezuela,2.75,70%,Trinitario
211,Nicaragua,3.0,70%, 
212,Jamaica,2.75,70%,Trinitario
213,Congo,3.5,82%,Forastero
215,Madagascar,3.5,82%,Trinitario
216,Guatemala,2.75,75%, 
217,Tanzania,3.5,75%, 
218,Dominican Republic,3.0,75%, 
219,Guatemala,3.5,70%, 
220,Madagascar,3.75,70%,Trinitario
221,Mexico,3.5,75%, 
222,Brazil,4.0,75%, 
223,Dominican Republic,3.25,75%, 
225,Brazil,3.5,75%, 
226,Gabon,3.25,75%, 
227,Cuba,3.5,75%,Trinitario
228,Peru,3.5,75%, 
229,Peru,3.5,75%,Forastero (Nacional)
230,Brazil,3.75,75%, 
231,Haiti,4.0,75%, 
232,Madagascar,4.0,75%,Criollo
233,Brazil,3.5,75%, 
234,Jamaica,3.25,75%,Trinitario
236,Peru,2.75,75%,Criollo
237,Mexico,3.0,75%,Criollo
238,Mexico,3.0,75%,Criollo
239,Venezuela,4.0,75%,Criollo (Porcelana)
240,Ecuador,2.5,75%,Forastero (Arriba)
242,Venezuela,4.0,75%, 
243,Venezuela,4.0,75%,Criollo
244,Madagascar,4.0,75%,Trinitario
246,Sri Lanka,3.0,75%, 
247,Venezuela,4.0,75%,Trinitario
248,Ecuador,3.25,77%,Forastero (Arriba)
249,Ecuador,1.5,100%,Forastero (Arriba)
250,Belize,2.75,70%,Trinitario
251,Dominican Republic,2.75,70%, 
252,Venezuela,3.5,70%,Criollo
253,Nicaragua,3.75,70%, 
254,Dominican Republic,3.75,68%, 
255,Belize,3.75,70%,Trinitario
256,Venezuela,4.0,70%,Trinitario
257,Dominican Republic,3.0,72%,Trinitario
258,Ecuador,3.25,70%, 
259,Ghana,3.5,75%,Forastero
260,Venezuela,3.5,85%,Trinitario
261,Dominican Republic,3.0,60%, 
262,Dominican Republic,3.25,80%, 
263,Guatemala,3.5,70%, 
264,Madagascar,2.75,80%, 
265,Belize,3.25,80%,Trinitario
266,Madagascar,3.25,60%, 
267,Jamaica,3.0,70%,Trinitario
268,Madagascar,3.0,72%,Trinitario
269,Dominican Republic,3.5,70%, 
270,Ecuador,3.5,72%, 
271,Trinidad,2.75,68%,Trinitario
272,Ecuador,3.25,70%, 
273,Dominican Republic,2.75,68%, 
274,Trinidad,3.25,72%,Trinitario
275,Ecuador,3.5,72%, 
276,Belize,3.25,72%,Trinitario
278,Ecuador,2.5,60%, 
279,Puerto Rico,2.5,70%, 
280,Peru,2.5,75%,Criollo
281,Dominican Republic,2.5,75%, 
282,Dominican Republic,2.75,75%, 
283,Venezuela,2.25,75%, 
284,Haiti,3.5,65%,"Trinitario, Criollo"
285,Dominican Republic,3.0,70%, 
286,Tanzania,2.0,75%, 
287,Venezuela,2.0,72%, 
288,Mexico,3.0,66%, 
289,Venezuela,3.5,77%,Trinitario
290,Venezuela,3.25,75%,Trinitario
291,Venezuela,2.5,75%, 
292,Venezuela,3.25,74%, 
293,Venezuela,3.5,75%,Trinitario
294,Venezuela,3.75,70%,Trinitario
295,Venezuela,3.25,74%, 
296,Colombia,3.75,71%, 
297,Colombia,3.75,74%, 
298,Colombia,3.75,72%, 
299,Colombia,3.5,64%, 
300,Colombia,3.5,70%, 
301,Colombia,2.75,69%, 
302,Colombia,3.25,70%, 
303,Honduras,3.5,70%,Trinitario
304,Dominican Republic,3.75,72%,Criollo
305,Dominican Republic,3.0,72%, 
306,Dominican Republic,3.75,66%, 
307,Dominican Republic,3.25,65%, 
308,Congo,3.5,70%,Criollo
309,Madagascar,3.5,71%,Trinitario
310,Ecuador,3.75,71%, 
311,Papua New Guinea,4.0,71%, 
312,Grenada,3.25,71%,Trinitario
313,Venezuela,3.5,71%, 
314,Venezuela,3.5,77%, 
315,Mexico,4.0,70%,Criollo
316,Mexico,4.0,70%,Criollo
317,Madagascar,3.0,70%,Trinitario
318,Peru,3.25,70%, 
319,Vietnam,3.5,70%,Trinitario
320,Peru,3.25,70%, 
321,Ecuador,3.5,63%,Forastero (Arriba)
322,Ecuador,3.5,71%,Forastero (Arriba)
323,Ecuador,2.5,82%,Forastero (Arriba)
324,Ecuador,1.5,91%,Forastero (Arriba)
325,Grenada,2.75,60%,Trinitario
326,Ecuador,1.0,70%, 
327,Cuba,2.5,75%, 
328,Dominican Republic,3.0,72%, 
330,Ecuador,3.5,100%, 
331,Venezuela,3.0,80%, 
332,Sao Tome,2.25,78%,Forastero
333,Trinidad,2.5,70%,Trinitario
334,Venezuela,2.5,75%,Criollo
335,Tanzania,2.75,73%, 
336,Venezuela,3.0,70%,Criollo
337,Bolivia,3.0,75%, 
338,Brazil,3.25,70%,Trinitario
339,Ecuador,2.0,77%,Forastero (Arriba)
340,Ecuador,2.5,77%,Forastero (Arriba)
341,Ecuador,2.75,77%,Forastero (Arriba)
342,Ecuador,3.0,55%,Forastero (Arriba)
343,Ecuador,3.25,55%,Forastero (Arriba)
344,Ecuador,3.5,55%,Forastero (Arriba)
345,Papua New Guinea,3.5,70%,Trinitario
346,Papua New Guinea,3.75,70%, 
347,Guatemala,3.5,72%, 
348,Costa Rica,3.25,72%, 
349,Costa Rica,3.5,72%, 
350,Costa Rica,3.0,72%,Forastero
351,Costa Rica,2.75,80%,Forastero
352,Colombia,3.0,65%,Trinitario
353,Colombia,3.25,65%,Trinitario
354,Colombia,3.25,65%,Trinitario
355,Colombia,3.5,65%,Trinitario
356,Colombia,3.5,65%,CCN51
357,Belize,4.0,72%,Trinitario
358,Honduras,3.5,72%,Trinitario
360,Venezuela,3.5,72%, 
361,Colombia,3.5,72%,"Criollo, Trinitario"
362,Colombia,3.5,76%,"Criollo, Trinitario"
363,Dominican Republic,2.75,70%,Trinitario
364,Bolivia,3.0,70%,Trinitario
365,Dominican Republic,3.5,73%,Trinitario
366,Peru,2.5,70%,Criollo
367,Venezuela,3.25,70%, 
368,Nicaragua,3.25,72%,Trinitario
369,Peru,2.75,70%,Criollo
370,Venezuela,3.0,72%, 
371,Ecuador,2.5,70%, 
372,Peru,2.75,70%, 
373,Venezuela,2.75,70%, 
374,Bolivia,3.0,70%, 
375,Ecuador,2.75,72%, 
376,Uganda,2.75,70%,Forastero
377,Belize,3.25,70%, 
378,Ecuador,2.75,55%,Forastero (Arriba)
379,Ecuador,3.0,75%,Forastero (Arriba)
380,Costa Rica,3.5,70%, 
382,Ecuador,3.25,70%, 
383,Belize,3.0,75%,Trinitario
384,Belize,3.25,82%,Trinitario
385,Vietnam,2.75,70%,Trinitario
386,Malaysia,3.5,70%,Trinitario
387,Peru,2.5,65%,Criollo
388,Peru,2.75,65%,Criollo
389,Dominican Republic,2.5,80%, 
390,Madagascar,3.75,70%,Trinitario
391,Venezuela,3.75,68%, 
392,Peru,2.5,90%, 
394,Bolivia,2.5,70%, 
395,Uganda,2.75,70%, 
396,Dominican Republic,3.0,60%, 
397,Dominican Republic,3.0,75%, 
398,Venezuela,3.0,80%,Criollo (Ocumare)
399,Ecuador,3.25,70%, 
400,Nicaragua,2.75,80%, 
401,Peru,2.75,74%, 
402,Dominican Republic,3.25,75%,Trinitario
403,Congo,3.5,68%,Forastero
404,Peru,3.75,80%,Criollo
405,Peru,3.75,69%,Forastero (Nacional)
406,Venezuela,3.75,80%,Trinitario
407,Peru,3.75,70%,Forastero (Nacional)
408,Ecuador,2.5,82%,Forastero (Arriba)
409,Peru,2.75,68%,Criollo
410,Madagascar,3.25,72%,Criollo
411,Mexico,2.5,70%,Criollo
412,Venezuela,3.0,77%,Criollo
413,Mexico,3.25,65%, 
414,Mexico,3.25,71%,Criollo
415,Madagascar,3.5,71%,Trinitario
418,Venezuela,3.5,71%,Criollo
419,Ecuador,2.5,71%,Forastero (Arriba)
420,Grenada,2.5,71%,Trinitario
422,Mexico,2.5,65%,Trinitario
423,Mexico,2.5,75%,Trinitario
424,Venezuela,2.5,80%,Criollo
425,Mexico,2.75,70%,Criollo
426,Brazil,3.0,70%, 
427,Brazil,3.0,80%, 
428,Venezuela,3.0,70%,Criollo
429,Martinique,2.75,42%, 
430,Mexico,3.25,75%, 
431,Peru,3.75,68%,Forastero (Nacional)
432,Venezuela,3.0,61%,Criollo
433,Venezuela,2.75,77%,Trinitario
434,Sao Tome & Principe,3.75,73.50%,Forastero
435,Sao Tome & Principe,3.0,80%,Forastero
436,Sao Tome & Principe,4.0,75%,Forastero
437,Sao Tome & Principe,1.0,100%,Forastero
438,Ecuador,3.5,73%, 
439,Madagascar,3.0,75%,Trinitario
440,Venezuela,3.25,70%, 
441,Venezuela,2.75,80%,Trinitario
442,Bolivia,3.25,72%, 
443,Venezuela,3.75,70%,Criollo
444,Ecuador,2.75,88%,Forastero (Nacional)
445,Ecuador,3.5,76%, 
446,Vietnam,2.75,78%,Trinitario
447,Ecuador,3.25,65%,Forastero (Nacional)
448,Ghana,3.5,85%,Forastero
449,Ecuador,1.5,100%, 
450,Sao Tome & Principe,3.75,72%,Forastero
451,Madagascar,3.5,70%,Trinitario
452,Grenada,3.25,72%,Trinitario
453,Venezuela,3.0,70%,Trinitario
454,Ecuador,2.5,72%,Nacional
455,Trinidad,3.0,72%,Trinitario
456,Jamaica,3.25,72%,Trinitario
457,Venezuela,3.25,72%,Criollo (Ocumare 61)
458,Peru,3.0,72%,Criollo
459,Peru,3.25,62%,Criollo
460,Venezuela,3.5,70%,"Criollo, Trinitario"
461,Venezuela,3.75,70%,"Criollo, Trinitario"
462,Mexico,3.0,72%,Criollo
463,Venezuela,3.0,72%,Criollo (Porcelana)
464,Madagascar,3.0,72%,Trinitario
466,Papua New Guinea,2.5,70%,Forastero
467,Vanuatu,2.75,83%,Trinitario
468,Tanzania,3.25,75%,Forastero
469,Brazil,3.25,65%,Trinitario
470,Fiji,3.25,67%,Trinitario
471,Vanuatu,3.25,64%,Trinitario
472,Papua New Guinea,3.5,75%,Forastero
473,Ecuador,3.25,85%,Forastero (Nacional)
474,Ecuador,3.75,73%,Forastero (Nacional)
475,Australia,2.75,70%, 
476,Australia,3.25,70%, 
477,Dominican Republic,2.75,72%, 
478,Trinidad,3.0,70%,Trinitario
479,Ecuador,3.5,70%, 
480,Grenada,2.25,70%, 
481,Nicaragua,2.75,70%, 
483,Belize,3.0,70%,Trinitario
484,Belize,3.5,70%,Trinitario
485,Ecuador,3.5,70%, 
486,Liberia,2.75,70%, 
487,Dominican Republic,3.75,70%, 
488,Venezuela,2.75,70%, 
489,Venezuela,3.25,70%, 
490,Venezuela,3.5,70%, 
491,Papua New Guinea,3.5,70%, 
492,Costa Rica,3.0,70%, 
493,Colombia,3.25,70%, 
494,Dominican Republic,3.75,70%, 
495,Dominican Republic,3.25,70%, 
496,Madagascar,3.25,70%,Trinitario
497,Tanzania,3.25,70%, 
498,Guatemala,3.25,82%, 
499,Venezuela,3.0,75%,Trinitario
500,Guatemala,3.75,70%, 
501,Madagascar,3.75,70%,Trinitario
502,Guatemala,4.0,70%,Criollo
503,Guatemala,3.25,70%, 
504,Guatemala,3.5,60%, 
505,Guatemala,3.0,75%,Criollo
506,Guatemala,3.25,60%,Criollo
507,Venezuela,2.75,72%, 
508,Vietnam,3.0,72%,Trinitario
510,Bolivia,3.25,75%, 
511,Madagascar,3.0,70%,Trinitario
512,Venezuela,3.25,70%, 
513,Tanzania,3.0,70%, 
514,Ecuador,3.25,70%, 
515,Ghana,2.5,70%,Forastero
516,Dominican Republic,2.75,70%, 
517,Venezuela,2.75,70%, 
519,Brazil,3.5,72%, 
520,Brazil,3.5,65%, 
521,Uganda,2.5,70%,Forastero
522,Madagascar,3.0,70%, 
523,Madagascar,2.5,66%,Trinitario
524,Costa Rica,3.0,64%, 
525,Ecuador,3.0,71%, 
526,Ghana,3.0,60%,Forastero
527,Papua New Guinea,3.0,64%, 
528,Peru,3.0,64%, 
529,Papua New Guinea,3.0,64%, 
530,Venezuela,3.75,66%, 
531,Tanzania,2.5,72%, 
532,Bolivia,2.75,80%, 
533,Costa Rica,3.5,77%,Trinitario
534,Dominican Republic,3.5,77%, 
535,Guatemala,3.75,70%, 
536,Vietnam,3.5,78%,Trinitario
537,Bolivia,3.75,70%, 
538,Dominican Republic,3.5,74%, 
539,Ecuador,3.25,70%, 
540,Ecuador,3.5,76%, 
541,Bolivia,2.75,75%, 
542,Belize,2.75,72%,Trinitario
543,Madagascar,2.75,80%,Trinitario
544,Madagascar,3.0,72%,Trinitario
545,Venezuela,2.75,75%,Criollo
546,Dominican Republic,3.0,74%, 
547,Ecuador,3.25,70%, 
548,Venezuela,3.0,85%, 
549,Panama,3.25,72%, 
550,Venezuela,3.25,72%,Trinitario
551,Nicaragua,3.5,72%,"Criollo, Trinitario"
555,Ecuador,3.75,70%, 
556,Venezuela,3.75,70%,Criollo (Ocumare 77)
557,Venezuela,3.0,100%,Criollo
558,Tanzania,3.5,70%, 
559,Venezuela,3.75,70%,Criollo
560,Venezuela,3.5,70%,Criollo
561,Venezuela,3.0,70%,Trinitario
562,Venezuela,3.0,70%,Trinitario
563,Colombia,3.0,70%, 
566,Venezuela,4.0,70%,Criollo (Porcelana)
567,Venezuela,3.25,75%,Criollo (Ocumare 61)
568,Venezuela,3.25,60%,Trinitario
569,Madagascar,3.5,70%,Trinitario
570,Madagascar,3.5,70%,Criollo
571,Indonesia,3.75,70%,Criollo
572,Ecuador,4.0,70%,Forastero (Arriba)
573,Venezuela,4.0,70%,Criollo (Ocumare 67)
574,Venezuela,3.0,70%,Trinitario
575,Peru,3.25,70%,Trinitario
576,Venezuela,3.5,70%,Trinitario
577,Grenada,2.75,75%,Trinitario
578,Venezuela,2.5,70%,Trinitario
579,Colombia,2.75,80%,"Criollo, Trinitario"
580,Madagascar,2.75,77%,"Criollo, Trinitario"
581,Guatemala,4.0,70%,Criollo
582,Nicaragua,3.5,70%,Criollo
583,Nicaragua,3.75,76%,Criollo
584,Venezuela,3.75,72%, 
585,Honduras,3.75,72%,Criollo
586,Dominican Republic,3.5,65%, 
587,Panama,3.0,72%, 
588,Nicaragua,3.25,71%,Criollo
589,Venezuela,3.5,71%, 
590,Panama,3.5,70%, 
591,Ecuador,3.75,72%, 
592,Ecuador,2.5,70%, 
593,Peru,3.75,70%, 
594,Dominican Republic,3.25,70%, 
595,Madagascar,2.75,82%,Trinitario
596,Peru,3.5,70%,Forastero (Nacional)
597,Venezuela,3.5,70%,Trinitario
599,Venezuela,3.25,70%,Trinitario
600,Ecuador,4.0,70%, 
601,Peru,3.25,70%, 
602,Madagascar,3.5,70%,Trinitario
603,Dominican Republic,3.75,70%, 
604,Colombia,3.25,70%, 
605,Colombia,3.25,70%, 
606,Peru,2.75,72%,Forastero (Nacional)
607,Venezuela,3.0,68%,Criollo
608,Bolivia,3.75,75%, 
609,Bolivia,2.75,71%, 
610,Venezuela,3.75,70%, 
611,Venezuela,2.75,60.50%,Trinitario
612,Venezuela,3.0,70%,Trinitario
613,Venezuela,2.5,74%,Criollo
614,Venezuela,2.5,58%,Criollo
615,Venezuela,3.0,61%,Criollo
616,Venezuela,2.75,70%,Criollo
619,Venezuela,3.0,79%, 
620,Peru,3.5,78%,Criollo
621,Honduras,3.25,75%, 
622,Sao Tome & Principe,3.25,80%,Forastero
623,Vietnam,3.25,70%,Trinitario
624,Vietnam,3.0,80%,Trinitario
625,Vietnam,3.25,74%,Trinitario
626,Venezuela,2.75,70%,Trinitario
627,Costa Rica,2.0,65%, 
628,Venezuela,3.5,81%,Criollo
630,Venezuela,3.0,72%,Criollo
632,Trinidad,2.5,55%,Trinitario
633,Venezuela,2.5,70%,Criollo (Porcelana)
636,Belize,3.0,80%,Trinitario
637,Ecuador,3.5,80%, 
638,Dominican Republic,3.75,80%, 
639,Brazil,2.75,75%, 
640,Jamaica,3.0,76%, 
641,Venezuela,2.5,76%, 
642,Belize,2.75,76%,Trinitario
643,Grenada,3.5,58%,Trinitario
645,Dominican Republic,3.0,74%,"Trinitario, Criollo"
646,Madagascar,3.0,64%,Criollo
647,Venezuela,3.0,65%,Criollo
648,Ecuador,3.5,72%,Forastero (Arriba)
649,Bolivia,4.0,68%,Criollo (Wild)
650,Puerto Rico,2.25,65%, 
651,Dominican Republic,3.0,80%, 
652,Dominican Republic,3.25,70%, 
653,Dominican Republic,2.5,85%, 
654,Peru,2.75,72%,Criollo
657,Madagascar,2.75,70%, 
658,Ecuador,3.5,75%, 
659,Tanzania,3.75,67%,Trinitario
660,Venezuela,3.5,70%, 
661,Venezuela,3.75,70%, 
662,Venezuela,3.75,70%, 
663,Venezuela,3.5,60%, 
664,Costa Rica,3.5,70%, 
665,Peru,3.5,75%, 
666,Vietnam,3.0,80%,Trinitario
667,Ghana,3.5,60%,Forastero
668,Madagascar,3.5,65%,Trinitario
669,Peru,3.5,70%, 
670,Guatemala,3.5,73%, 
671,Costa Rica,3.0,80%, 
672,Nicaragua,3.25,68%, 
673,Peru,3.5,66%, 
674,Peru,2.5,70%,Criollo
675,Peru,3.5,61%, 
676,Peru,2.0,81%, 
677,Peru,3.5,70%,Forastero (Nacional)
678,Dominican Republic,3.5,65%, 
679,Peru,3.0,70%,Forastero (Nacional)
680,Peru,3.5,70%,Forastero (Nacional)
681,Peru,3.5,70%,Forastero (Nacional)
682,Peru,3.5,70%,Forastero (Nacional)
683,Dominican Republic,3.25,72%, 
684,Dominican Republic,3.75,72%, 
685,Peru,3.75,70%, 
686,Peru,4.0,70%,Trinitario
687,Papua New Guinea,3.5,69%, 
688,Papua New Guinea,3.5,69%, 
689,Madagascar,4.0,74%,Trinitario
690,Papua New Guinea,4.0,69%,Trinitario
691,Papua New Guinea,3.0,69%,Trinitario
692,Ghana,2.75,74%,Forastero
693,Jamaica,3.25,70%,Trinitario
694,Dominican Republic,3.5,72%, 
695,Jamaica,3.5,70%,Trinitario
696,Madagascar,2.75,74%,Trinitario
697,Dominican Republic,3.25,72%, 
698,Madagascar,3.0,74%,Trinitario
699,Venezuela,3.25,76%,Trinitario
700,Venezuela,4.0,70%,Trinitario
701,Jamaica,2.75,80%,Trinitario
702,Jamaica,3.0,70%,Trinitario
703,Jamaica,3.25,70%,Trinitario
704,Venezuela,3.5,65%,Criollo
705,Nicaragua,3.5,70%, 
706,Nicaragua,3.0,60%, 
707,Nicaragua,3.25,85%, 
708,Nicaragua,3.5,70%, 
709,Nicaragua,3.25,70%, 
710,Nicaragua,3.5,70%, 
711,Nicaragua,3.25,70%,"Criollo, Trinitario"
712,Honduras,3.25,70%,"Criollo, Trinitario"
713,Nicaragua,3.25,70%,"Criollo, Trinitario"
714,Nicaragua,3.75,70%, 
715,Nicaragua,3.25,70%,"Criollo, Trinitario"
716,Nicaragua,3.5,70%,"Criollo, Trinitario"
717,Nicaragua,3.5,70%,"Criollo, Trinitario"
718,Bolivia,3.75,74%,Beniano
719,Costa Rica,4.0,74%,Amazon mix
720,Trinidad,3.75,70%,Trinitario
721,Peru,3.0,76%,Forastero (Nacional)
722,Dominican Republic,3.75,70%, 
723,Ecuador,3.0,75%, 
724,Peru,2.5,70%, 
725,Costa Rica,3.25,66%,Trinitario
726,Costa Rica,3.0,70%, 
728,Madagascar,3.25,65%,Trinitario
729,Ghana,4.0,70%,Forastero
732,Madagascar,3.5,75%,Trinitario
733,Belize,3.5,70%, 
734,Brazil,3.0,66%,"Trinitario, Forastero"
735,Mexico,2.75,77%, 
736,Nicaragua,3.25,77%, 
737,Guatemala,3.25,77%, 
738,Vietnam,3.0,72%,Trinitario
740,Madagascar,3.5,70%, 
741,Grenada,3.25,82%,Trinitario
742,Grenada,2.75,60%,Trinitario
743,Grenada,2.5,71%,Trinitario
744,Ecuador,3.0,64%,Forastero (Arriba) ASS
745,Ghana,3.0,64%,Forastero
747,Venezuela,3.0,76%, 
750,Haiti,2.75,65%, 
751,Nicaragua,2.75,65%, 
752,Jamaica,3.25,65%,Trinitario
753,Ecuador,3.5,65%, 
757,Trinidad,3.0,65%,Trinitario
761,Peru,3.0,65%, 
763,Venezuela,3.5,65%, 
765,Colombia,3.0,65%,Trinitario
766,Venezuela,2.5,65%,"Trinitario, Criollo"
767,Madagascar,3.5,65%,"Criollo, +"
768,Ecuador,3.5,65%,Forastero (Arriba)
771,Papua New Guinea,2.75,80%, 
773,Dominican Republic,3.25,75%, 
780,Ecuador,2.5,77%,Forastero (Arriba)
781,Ecuador,2.75,55%,Trinitario
782,Ecuador,3.0,70%,Trinitario
784,Brazil,3.25,85%, 
785,Brazil,3.0,67%, 
786,Brazil,3.5,77%, 
787,Brazil,3.5,74%, 
788,Peru,2.75,64%, 
789,Belize,3.25,70%,Amazon
790,Costa Rica,3.5,74%,Amazon mix
791,Bolivia,3.5,67%,"Amazon, ICS"
792,Bolivia,3.0,67%,Beniano
793,Ecuador,3.75,67%,EET
796,Ecuador,3.5,70%,EET
797,Ecuador,3.5,77%,EET
798,Bolivia,3.75,68%,"Amazon, ICS"
799,Bolivia,4.0,72%,Beniano
800,Uganda,2.75,57%,Forastero
801,Venezuela,3.5,74%,Criollo
802,Tanzania,2.75,70%, 
803,Madagascar,3.0,74%,Trinitario
804,Venezuela,3.0,70%, 
805,Ecuador,3.25,73%, 
806,Peru,3.25,70%, 
807,Madagascar,2.75,70%,Trinitario
808,Venezuela,2.75,72%,Trinitario
810,Peru,3.5,66%,Criollo
811,Ecuador,2.0,80%,Forastero (Arriba) ASS
812,Ecuador,2.5,80%,Forastero (Arriba) ASS
813,Ecuador,3.0,72%,Forastero (Arriba) ASS
814,Ecuador,3.25,58%,Forastero (Arriba) ASS
815,Ecuador,3.5,58%,Forastero (Arriba) ASS
816,Peru,2.75,70%, 
817,Ecuador,3.5,70%, 
818,Madagascar,3.5,70%,Trinitario
819,Trinidad,3.5,70%,Trinitario
820,Venezuela,3.5,70%, 
822,Dominican Republic,2.75,70%, 
823,Peru,3.5,70%, 
824,Dominican Republic,3.75,75%, 
825,Ecuador,2.5,72%, 
829,Trinidad,3.0,75%,Trinitario
830,Vietnam,3.5,80%,Trinitario
831,Ecuador,3.0,90%,Forastero (Nacional)
832,Madagascar,3.0,72%,Trinitario
833,Ecuador,3.5,82%,Forastero (Nacional)
834,Peru,2.75,100%, 
835,Ecuador,2.5,100%,Forastero (Nacional)
836,Dominican Republic,2.75,100%, 
837,Madagascar,3.5,66%,"Trinitario, Criollo"
838,Ecuador,3.0,80%,Forastero (Nacional)
841,Ecuador,2.75,70%, 
842,Dominican Republic,3.0,70%, 
843,Venezuela,2.75,70%,Trinitario
845,Uganda,2.5,80%,Forastero
846,Tanzania,2.75,75%, 
847,Sao Tome,3.0,72%,Forastero
848,Vietnam,3.5,70%,Trinitario
849,Bolivia,3.0,70%,"Criollo, Trinitario"
850,Bolivia,3.0,70%,"Criollo, Trinitario"
851,Nicaragua,3.0,70%,Trinitario
852,Dominican Republic,3.75,70%,Trinitario
853,Dominican Republic,3.5,70%, 
854,Venezuela,3.25,70%,"Trinitario, Criollo"
855,Venezuela,3.75,70%,Forastero
856,Venezuela,3.75,72%,Trinitario
857,Venezuela,3.75,72%,Criollo
858,Venezuela,3.75,72%, 
859,Venezuela,3.25,72%,Criollo
860,Venezuela,3.75,72%,Criollo
861,Venezuela,4.0,74%,Criollo
862,Venezuela,3.5,72%,Criollo
863,Venezuela,4.0,70%,Trinitario
864,Venezuela,4.0,72%,Criollo
865,Venezuela,4.0,72%, 
866,India,2.5,61%, 
867,Dominican Republic,3.25,70%, 
868,Dominican Republic,2.75,70%, 
869,Honduras,3.0,77%, 
870,Peru,2.75,72%,Criollo
871,Peru,3.0,72%, 
872,Madagascar,3.5,72%,Trinitario
873,Peru,2.25,72%, 
874,Belize,3.25,72%,Trinitario
875,Dominican Republic,3.25,72%, 
876,Belize,3.5,70%,Trinitario
877,Dominican Republic,2.75,70%, 
878,Ghana,2.0,71%,Trinitario
879,Madagascar,2.75,63%,Trinitario
880,Belize,3.5,70%,Trinitario
881,Madagascar,3.5,70%,Trinitario
882,Peru,4.0,70%, 
883,Dominican Republic,3.5,70%, 
884,Dominican Republic,3.0,82%, 
885,Dominican Republic,3.25,55%, 
886,Dominican Republic,3.25,62%, 
887,Peru,2.5,64%, 
888,Vanuatu,3.75,65%,Trinitario
889,Ecuador,3.0,70%, 
890,Ecuador,3.5,70%, 
891,Ecuador,2.75,75%, 
892,Ecuador,2.5,85%, 
893,Ecuador,2.75,85%, 
894,Ecuador,3.0,85%, 
895,Ecuador,2.5,75%, 
896,Ecuador,3.0,85%, 
898,Ecuador,2.75,80%, 
899,Dominican Republic,3.75,70%, 
900,Mexico,2.0,72%, 
901,Dominican Republic,3.0,60%,Trinitario
902,Peru,2.5,72%, 
903,Venezuela,2.75,72%, 
904,Belize,3.0,72%,Trinitario
905,Madagascar,3.25,72%,Trinitario
906,Belize,3.25,90%,Trinitario
907,Dominican Republic,3.25,72%, 
908,Dominican Republic,3.25,72%, 
909,Haiti,3.25,70%, 
910,Peru,2.75,70%,Forastero (Nacional)
911,Ecuador,3.75,70%, 
912,Brazil,3.75,70%,Forastero
913,Uganda,2.5,72.50%,Forastero
914,Dominican Republic,3.0,72.50%, 
915,Ecuador,2.5,72.50%, 
916,Madagascar,3.0,72.50%,Trinitario
917,Peru,3.25,74%, 
918,Brazil,4.0,70%, 
919,Venezuela,3.75,68%,Trinitario
920,Ecuador,3.75,74%, 
921,Grenada,3.25,75%,Trinitario
922,Dominican Republic,3.75,74%, 
923,Venezuela,3.0,71%, 
924,Madagascar,3.5,64%,Trinitario
925,Bolivia,3.0,68%, 
926,Peru,2.25,70%,"Trinitario, Criollo"
927,Peru,2.5,70%,"Trinitario, Criollo"
928,Peru,3.0,70%,Criollo
929,Belize,3.0,70%,"Trinitario, Criollo"
931,Tobago,3.25,60%, 
932,Ecuador,3.25,56%, 
933,Dominican Republic,3.5,66%, 
934,Grenada,3.5,68%,Trinitario
935,Ghana,3.25,68%,Forastero
936,Venezuela,3.5,69%,Criollo (Porcelana)
940,Peru,2.5,72%, 
941,Ecuador,3.25,60%, 
942,Madagascar,2.75,75%,Trinitario
943,Vietnam,2.75,75%,Trinitario
944,Cuba,3.0,75%, 
945,Peru,3.25,75%, 
947,Sao Tome,3.5,75%,Forastero
948,Brazil,3.25,75%, 
949,Vietnam,3.75,75%,Trinitario
950,Cuba,2.75,70%, 
952,Brazil,3.5,70%,Forastero (Catongo)
953,Tanzania,2.5,75%, 
954,Nicaragua,3.5,80%,Trinitario
955,Venezuela,3.0,75%,Trinitario
956,Venezuela,3.0,75%,Trinitario
958,Honduras,3.5,70%, 
959,Belize,3.25,70%, 
960,Liberia,3.25,70%, 
961,Bolivia,3.25,70%, 
962,Trinidad,3.5,70%,Trinitario
963,Costa Rica,3.0,70%, 
965,Tanzania,3.5,70%, 
966,Peru,3.5,70%,Forastero (Nacional)
967,Madagascar,3.5,71%,Criollo
968,Madagascar,3.0,70%,Trinitario
969,Peru,3.5,65%,Criollo
970,Bolivia,3.5,68%,Criollo
971,Peru,3.75,68%, 
973,Dominican Republic,3.0,74%, 
974,Bolivia,3.5,68%,Criollo
976,Puerto Rico,2.5,65%, 
983,Nicaragua,2.0,75%, 
987,Colombia,3.5,65%, 
988,Peru,1.5,70%, 
989,Peru,2.25,55%, 
990,Madagascar,3.5,67%,Trinitario
991,Madagascar,3.75,70%,Trinitario
992,Madagascar,4.0,63%,Trinitario
993,Madagascar,3.5,75%,Trinitario
994,Solomon Islands,3.5,73%, 
995,Puerto Rico,2.75,70%, 
996,Brazil,3.5,70%, 
998,Mexico,2.75,70%, 
1002,Dominican Republic,2.5,70%, 
1003,Costa Rica,2.75,70%, 
1004,Mexico,2.75,72%, 
1005,Tanzania,2.0,75%, 
1006,Ecuador,3.0,70%,Forastero (Nacional)
1007,Cuba,3.25,70%,Criollo
1008,Dominican Republic,3.75,70%,"Blend-Forastero,Criollo"
1009,Ecuador,2.0,70%, 
1010,Madagascar,2.75,75%,Trinitario
1011,Madagascar,3.5,73%,Trinitario
1012,Philippines,3.5,65%,Trinitario
1015,Venezuela,3.0,70%, 
1016,Ecuador,2.5,74%, 
1017,Peru,2.5,74%, 
1018,Venezuela,2.75,74%, 
1019,Dominican Republic,3.75,74%, 
1020,Colombia,2.75,70%, 
1021,Papua New Guinea,3.5,72%, 
1022,Costa Rica,3.75,72%, 
1024,Liberia,3.25,72%, 
1026,Peru,3.0,72%, 
1028,Nicaragua,3.75,70%, 
1029,Peru,3.5,70%, 
1030,Venezuela,3.75,70%,Criollo
1031,Colombia,3.5,85%, 
1032,Dominican Republic,3.25,70%, 
1033,Ghana,3.5,70%,Forastero
1034,Ecuador,3.25,70%, 
1035,Vietnam,3.25,75%,Trinitario
1036,Dominican Republic,3.5,70%,"Criollo, Trinitario"
1037,Peru,3.5,62%,Forastero (Nacional)
1038,Ecuador,3.5,70%,Trinitario
1039,Trinidad,2.75,70%,Trinitario
1040,Nicaragua,3.5,70%, 
1041,Peru,3.5,68%,Criollo
1042,Colombia,2.75,75%, 
1043,Tanzania,3.0,72%, 
1044,Honduras,3.5,78%, 
1045,Peru,3.0,70%, 
1046,Peru,2.75,70%, 
1047,Peru,3.0,70%, 
1049,Vietnam,3.25,85%,Trinitario
1050,Vietnam,3.5,68%,Trinitario
1051,Vietnam,3.75,70%,Trinitario
1052,Vietnam,3.5,75%,Trinitario
1053,Vietnam,3.5,76%,Trinitario
1054,Vietnam,3.5,72%,Trinitario
1055,Vietnam,3.5,70%,Trinitario
1056,Vietnam,3.5,78%,Trinitario
1057,Vietnam,3.0,80%,Trinitario
1058,Vietnam,3.5,74%,Trinitario
1059,Costa Rica,3.0,65%, 
1061,Nigeria,3.25,65%, 
1062,Ghana,3.5,65%,Forastero
1063,Dominican Republic,2.25,74%, 
1064,Dominican Republic,2.5,89%, 
1065,Bolivia,2.75,76%, 
1066,Haiti,3.0,82%, 
1067,Colombia,3.25,74%, 
1068,Guatemala,3.0,76%, 
1069,Tanzania,3.25,74%, 
1073,Venezuela,2.75,73%,Trinitario
1075,Venezuela,3.0,76%,Trinitario
1076,Venezuela,3.0,70%,Trinitario
1077,Venezuela,2.75,81%,Trinitario
1078,Belize,3.5,70%,Trinitario
1079,Papua New Guinea,2.75,71%, 
1080,Peru,3.0,75%, 
1081,Dominican Republic,3.25,73%, 
1082,Dominican Republic,3.75,74%, 
1083,Venezuela,2.75,81%,Criollo
1084,Venezuela,3.0,75%, 
1085,Dominican Republic,3.25,70%, 
1086,Vanuatu,3.5,72%,Trinitario
1087,Madagascar,4.0,68%,Trinitario
1088,Papua New Guinea,4.0,74%,Trinitario
1090,Belize,3.25,70%,Trinitario
1091,Dominican Republic,3.25,70%, 
1092,Peru,3.25,82%,Criollo
1093,Peru,3.5,63%,Criollo
1095,Bolivia,2.5,70%, 
1096,Venezuela,2.75,70%, 
1097,Belize,3.0,70%,Trinitario
1098,Nicaragua,3.0,70%, 
1099,Dominican Republic,3.5,70%, 
1100,Madagascar,2.5,80%,Trinitario
1101,Madagascar,2.5,72%,Trinitario
1102,El Salvador,2.75,80%, 
1103,El Salvador,3.0,70%, 
1104,Honduras,3.25,80%, 
1105,Honduras,3.5,70%, 
1106,Nicaragua,3.25,70%, 
1107,Nicaragua,3.5,80%, 
1108,Brazil,3.0,70%, 
1109,Madagascar,3.5,72%,Trinitario
1111,Mexico,3.75,66%, 
1112,Venezuela,3.5,66%,Trinitario
1113,Sao Tome,3.5,67%,Forastero
1116,Sao Tome,3.0,70%,Forastero
1117,Dominican Republic,4.0,67%, 
1118,Madagascar,4.0,65%,Trinitario
1119,Papua New Guinea,4.0,64%, 
1121,Belize,3.5,80%,Trinitario
1122,Trinidad,3.5,70%,Trinitario
1123,Dominican Republic,3.75,75%, 
1124,Venezuela,3.75,75%, 
1125,Tanzania,3.25,75%, 
1126,Nicaragua,3.5,70%, 
1127,Dominican Republic,2.5,75%, 
1128,Belize,3.25,80%,Trinitario
1130,Bolivia,2.0,75%,Criollo
1131,Indonesia,2.5,70%,Criollo
1132,Ecuador,2.5,70%,Forastero (Nacional)
1133,Ecuador,3.5,70%, 
1134,Ecuador,2.75,67%, 
1135,Ecuador,2.75,77%, 
1136,Haiti,3.5,70%,"Criollo, Trinitario"
1137,Brazil,3.75,75%, 
1138,Brazil,3.5,70%,Forastero (Parazinho)
1139,Colombia,2.5,65%, 
1140,Belize,3.25,73%,Trinitario
1141,Belize,3.0,72%,Trinitario
1142,Belize,2.75,67%,Trinitario
1144,Indonesia,2.75,70%, 
1145,Peru,3.25,70%, 
1146,Nicaragua,2.75,70%, 
1147,Nicaragua,2.75,70%, 
1148,Nicaragua,3.25,70%, 
1149,Dominican Republic,3.5,72%, 
1150,Papua New Guinea,3.25,70%, 
1151,Ecuador,3.25,70%, 
1152,Ecuador,3.5,63%, 
1153,Ecuador,3.5,85%, 
1154,Nicaragua,3.5,70%, 
1155,Nicaragua,3.5,80%, 
1156,Tanzania,2.75,68%, 
1158,Madagascar,2.75,68%, 
1159,Vietnam,3.0,80%,Trinitario
1160,Costa Rica,2.5,58%, 
1161,Costa Rica,3.0,70%, 
1163,Peru,3.75,78%,Forastero (Nacional)
1164,Grenada,2.5,71%,Trinitario
1165,Nicaragua,3.25,70%,Criollo
1166,Venezuela,2.75,75%,Trinitario
1167,Venezuela,3.0,70%, 
1169,Peru,2.25,72%, 
1170,Dominican Republic,2.5,70%, 
1171,Madagascar,2.5,73.50%,Trinitario
1172,Ghana,3.5,70%,Forastero
1173,Papua New Guinea,2.5,70%,Criollo
1174,Trinidad,3.75,67%,Trinitario
1177,Sao Tome,2.75,75%,Forastero
1178,Venezuela,3.0,71%,Criollo
1179,Venezuela,2.25,72%,Criollo
1180,Dominican Republic,2.75,72%,Trinitario
1181,Madagascar,3.0,72%,Trinitario
1182,Peru,3.0,72%,Criollo
1183,Peru,2.75,75%, 
1184,Ecuador,3.5,75%, 
1185,Ghana,3.0,75%,Forastero
1186,Belize,3.0,75%,Trinitario
1187,Peru,3.25,75%,Forastero (Nacional)
1188,Venezuela,3.0,70%, 
1189,Ecuador,3.0,70%, 
1190,Nicaragua,3.0,70%, 
1191,Nicaragua,2.75,75%, 
1192,Ecuador,3.25,80%,Forastero (Nacional)
1193,Ghana,3.75,70%,Forastero
1194,Ecuador,2.75,70%,Trinitario
1195,Venezuela,3.0,70%,Criollo
1196,Madagascar,3.5,70%,Trinitario
1197,Dominican Republic,3.75,70%, 
1198,Brazil,3.5,70%,Trinitario (Scavina)
1199,Jamaica,2.5,70%,Trinitario
1200,Peru,3.75,70%,Criollo
1201,Peru,3.75,70%,Criollo
1202,Congo,3.75,70%,Forastero
1203,Peru,4.0,75%,Criollo
1204,Samoa,2.75,100%, 
1205,Samoa,3.5,70%, 
1206,Papua New Guinea,2.75,66%, 
1207,Papua New Guinea,3.0,70%, 
1208,Papua New Guinea,3.25,88%, 
1209,Papua New Guinea,3.5,74%, 
1210,Trinidad,2.75,70%,Trinitario
1211,Tanzania,3.0,70%, 
1212,Bolivia,3.5,70%,Criollo
1213,Dominican Republic,3.0,72%, 
1214,Ghana,3.0,72%,Forastero
1221,Ghana,2.75,80%,Forastero
1222,Tanzania,3.75,70%,Trinitario
1223,Papua New Guinea,3.0,70%, 
1224,Madagascar,3.5,66%,Trinitario
1225,Belize,2.75,74%,Trinitario
1226,Dominican Republic,2.75,72%, 
1227,Nicaragua,2.75,72%,Trinitario
1228,Dominican Republic,3.0,72%, 
1229,Ecuador,3.0,72%,Trinitario
1230,Papua New Guinea,2.75,68%, 
1232,Bolivia,3.75,66%, 
1233,Congo,3.0,70%,Forastero
1234,Peru,3.0,75%,Criollo
1235,Bolivia,3.25,68%, 
1238,Peru,3.0,65%, 
1239,Peru,3.0,72%, 
1240,Colombia,4.0,70%, 
1241,Ecuador,3.25,70%, 
1242,Ecuador,3.5,70%, 
1243,Ecuador,3.75,70%, 
1244,Ecuador,4.0,70%, 
1245,Ecuador,2.75,85%, 
1246,Peru,4.0,70%, 
1247,Ecuador,3.5,70%, 
1248,Ecuador,2.5,60%,Forastero (Arriba)
1249,Ecuador,2.75,65%,Forastero (Arriba)
1250,Ecuador,3.0,72%,Forastero (Arriba)
1251,Ecuador,2.0,100%,Forastero (Arriba)
1252,Ecuador,3.5,70%,Forastero (Arriba)
1253,Guatemala,2.75,70%, 
1254,Belize,3.0,72%,Trinitario
1255,Bolivia,3.25,70%, 
1256,Trinidad,3.25,70%,Trinitario
1257,Tanzania,3.5,72%, 
1258,Vietnam,3.75,72%,Trinitario
1259,Bolivia,2.75,72%, 
1260,Madagascar,3.75,78%,Trinitario
1261,Ecuador,2.75,75%, 
1263,Trinidad,3.75,70%,Trinitario
1264,Fiji,3.0,76%, 
1266,Tanzania,3.25,70%, 
1267,Guatemala,3.5,70%, 
1268,Bolivia,3.0,70%, 
1269,Dominican Republic,3.5,70%, 
1270,Peru,2.5,55%, 
1271,Peru,2.75,70%, 
1273,Madagascar,4.0,75%,Trinitario
1274,Madagascar,3.5,67%,Trinitario
1275,Venezuela,3.5,70%,Trinitario
1276,Madagascar,4.0,70%,Trinitario
1277,Peru,4.0,67%, 
1278,Madagascar,2.25,73%,Trinitario
1279,Madagascar,2.75,64%,Trinitario
1280,Dominican Republic,3.0,82%, 
1281,Cameroon,3.25,70%,Forastero
1282,Venezuela,3.0,75%,Criollo
1283,Trinidad,3.25,75%,Trinitario
1284,Cuba,3.75,78%,"Criollo, Forastero"
1285,Peru,3.0,85%,Criollo
1286,Brazil,3.0,72%,Forastero
1287,Mexico,3.0,72%,Criollo
1289,Ecuador,3.75,72%,Forastero (Nacional)
1290,Madagascar,4.0,72%,Trinitario
1292,Mexico,4.0,72%,Criollo
1293,Indonesia,3.0,72%,Criollo
1294,Venezuela,4.0,72%,Criollo
1295,Honduras,2.5,80%, 
1296,Nicaragua,2.5,62%, 
1297,Nicaragua,2.75,80%, 
1298,Nicaragua,2.75,80%,"Criollo, Trinitario"
1299,Nicaragua,2.75,80%,Trinitario
1300,Nicaragua,3.25,80%, 
1301,Madagascar,3.25,73%,Trinitario
1302,Fiji,2.5,73%,Trinitario
1303,Ecuador,3.25,73%, 
1304,Ecuador,3.5,73%, 
1305,Dominican Republic,2.5,76%, 
1306,Peru,2.75,82%,Criollo
1308,Venezuela,3.75,70%, 
1309,Costa Rica,3.5,70%,Matina
1310,Costa Rica,3.0,70%,Matina
1311,Peru,2.75,70%, 
1312,Brazil,3.5,70%, 
1313,Costa Rica,3.75,82%,Matina
1314,Peru,3.25,75%, 
1315,Venezuela,3.25,75%,Criollo (Porcelana)
1316,Venezuela,3.5,75%,Trinitario
1317,Venezuela,2.0,75%, 
1318,Papua New Guinea,3.0,75%,Trinitario
1319,Madagascar,3.0,100%,Criollo
1320,Dominican Republic,2.0,75%, 
1321,Brazil,3.5,75%, 
1322,Sao Tome,4.0,75%,Forastero
1323,Brazil,3.0,75%,Forastero
1324,Tanzania,3.5,75%,Criollo
1325,Sao Tome & Principe,3.5,75%,Forastero
1326,Trinidad,3.5,75%,Trinitario
1327,Madagascar,3.75,75%,Criollo
1328,Indonesia,3.5,75%,Criollo
1329,Venezuela,3.5,75%,Trinitario
1330,Jamaica,4.0,75%,Trinitario
1331,Ecuador,3.0,75%,Trinitario
1332,Vanuatu,3.0,75%,Trinitario
1333,Ghana,3.25,75%,Forastero
1334,Colombia,3.5,75%,Trinitario
1335,Ecuador,4.0,80%,"Criollo, Trinitario"
1336,Cuba,3.0,75%,Trinitario
1339,Ecuador,3.5,77%, 
1340,Grenada,3.5,70%,Trinitario
1341,Madagascar,3.5,74%,Criollo
1342,Honduras,2.75,80%, 
1343,Venezuela,2.75,75%,Trinitario
1344,Ecuador,3.0,75%,Forastero (Nacional)
1345,Madagascar,3.25,72%,Trinitario
1346,Ecuador,2.75,85%,Forastero (Nacional)
1347,Venezuela,2.75,73%, 
1348,Brazil,3.25,75%, 
1349,Brazil,3.5,85%, 
1350,Brazil,2.75,55%, 
1351,Brazil,3.25,80%, 
1352,Brazil,3.0,60%, 
1353,Brazil,3.25,65%, 
1354,Mexico,2.75,70%,Criollo
1355,Mexico,3.0,74%,Trinitario
1357,Congo,2.75,75%,Forastero
1358,Madagascar,3.25,75%,Trinitario
1359,Dominican Republic,3.5,85%, 
1360,Guatemala,2.75,70%, 
1361,Ecuador,3.0,75%,"Forastero(Arriba, CCN)"
1362,Peru,2.5,70%, 
1363,Peru,3.25,80%, 
1364,Peru,3.5,73%,Criollo
1365,Peru,3.25,75%,Criollo
1367,Ecuador,3.25,75%, 
1368,Ecuador,2.5,75%,Forastero (Arriba)
1369,Ecuador,3.0,75%,Forastero (Arriba)
1370,Ecuador,3.5,67%,Forastero (Arriba)
1371,Ecuador,3.75,75%,Forastero (Arriba)
1372,Ecuador,3.75,75%, 
1373,Ecuador,3.5,85%, 
1375,Belize,3.75,75%,Trinitario
1376,Peru,3.0,75%,Forastero (Nacional)
1377,Madagascar,4.0,75%,Trinitario
1378,Ecuador,3.25,75%,Nacional (Arriba)
1379,Trinidad,3.5,75%,Trinitario
1380,Costa Rica,3.5,75%, 
1381,Costa Rica,3.25,70%, 
1382,Costa Rica,3.25,70%, 
1383,Costa Rica,3.25,70%, 
1384,Madagascar,3.25,75%,Trinitario
1385,Madagascar,3.25,68%,Trinitario
1386,Grenada,3.5,66%,Trinitario
1387,Honduras,3.75,75%, 
1388,Venezuela,3.75,70%, 
1389,Bolivia,3.25,75%, 
1390,Venezuela,3.75,80%,Criollo
1391,Madagascar,3.5,70%,Trinitario
1392,Dominican Republic,3.5,70%, 
1393,Bolivia,4.0,75%, 
1394,Jamaica,3.75,75%,Trinitario
1395,Ecuador,3.75,75%,Nacional (Arriba)
1396,Bolivia,3.0,75%,Criollo
1397,Peru,3.75,75%, 
1398,Venezuela,3.5,70%,Trinitario
1399,Dominican Republic,2.75,70%, 
1400,Jamaica,2.75,70%,Trinitario
1401,Madagascar,2.75,70%,Trinitario
1402,Trinidad,3.0,70%,Trinitario
1403,Venezuela,2.5,84%, 
1404,Venezuela,2.25,76%,Trinitario
1405,Madagascar,2.5,72%,Trinitario
1406,Venezuela,3.5,73%,Criollo
1407,Venezuela,2.5,71%, 
1408,Venezuela,3.5,70%, 
1410,Madagascar,3.5,64%,Trinitario
1412,Dominican Republic,3.0,70%, 
1417,Brazil,3.5,70%,Forastero
1418,Ecuador,3.5,70%,Forastero (Nacional)
1419,Venezuela,3.5,70%,Trinitario
1420,Ecuador,3.5,70%,Forastero (Arriba) ASSS
1421,Colombia,2.75,75%,Forastero (Nacional)
1422,Colombia,3.0,70%,Forastero (Nacional)
1423,Colombia,2.0,53%,Forastero (Nacional)
1424,Colombia,3.0,65%,Forastero (Nacional)
1425,Colombia,4.0,70%,Forastero (Nacional)
1426,Sao Tome,2.75,70%,Forastero
1427,Peru,4.0,78%, 
1428,Papua New Guinea,3.75,68%, 
1429,Grenada,3.5,68%,Trinitario
1430,Madagascar,3.75,65%,"Trinitario, Criollo"
1431,Brazil,3.75,68%, 
1432,Ghana,4.0,65%,Forastero
1433,Vietnam,3.75,72%,Trinitario
1437,Venezuela,3.75,75%, 
1442,Jamaica,2.0,70%,Trinitario
1445,Grenada,2.75,70%, 
1446,Jamaica,3.25,72%,Trinitario
1447,Papua New Guinea,3.5,73%,Forastero
1448,Venezuela,2.75,77%,Criollo
1449,Dominican Republic,3.5,74%,"Criollo, Trinitario"
1450,Ecuador,3.0,75%,Trinitario
1451,Belize,3.25,72%,"Criollo, Trinitario"
1454,Peru,3.25,70%, 
1455,Peru,3.5,75%,Criollo
1456,Costa Rica,3.25,82%, 
1457,Costa Rica,3.5,70%, 
1458,Peru,2.5,70%, 
1459,Belize,3.0,67%,Criollo
1460,Sao Tome,3.25,65%,Forastero
1461,Brazil,3.25,60%,Trinitario
1462,Colombia,3.0,68%,"Criollo, Trinitario"
1463,Bolivia,3.5,73%, 
1464,Tanzania,3.5,73%, 
1465,Ecuador,3.75,73%, 
1466,Madagascar,3.0,100%,Trinitario
1467,Ecuador,3.0,100%, 
1468,Guatemala,3.0,73%, 
1469,Guatemala,3.25,73%, 
1470,Haiti,3.25,73%, 
1471,Madagascar,3.75,67%,Trinitario
1472,Madagascar,3.75,73%,Trinitario
1473,Ecuador,3.75,73%, 
1474,Ghana,2.75,70%,Forastero
1475,Nicaragua,3.0,72%, 
1476,Dominican Republic,3.5,70%, 
1477,Venezuela,3.75,70%,Criollo
1478,Ecuador,4.0,70%,Criollo
1479,Belize,3.75,70%, 
1480,Vietnam,3.0,70%,Trinitario
1481,Australia,3.75,67%, 
1482,Guatemala,3.25,70%, 
1483,Madagascar,3.25,65%,Trinitario
1484,Madagascar,3.5,70%,Trinitario
1485,Tanzania,3.75,67%, 
1486,Trinidad,3.75,70%,Trinitario
1487,Ecuador,4.0,72%, 
1488,Bolivia,2.75,72%, 
1489,Papua New Guinea,3.5,65%, 
1490,Peru,3.0,67%,Forastero (Nacional)
1491,Venezuela,3.75,70%,Trinitario
1492,Ghana,1.5,67%,Forastero
1493,Madagascar,3.0,68%,Trinitario
1494,Ecuador,3.25,68%, 
1495,Ecuador,3.5,70%, 
1496,Madagascar,3.0,72%,Trinitario
1497,Peru,2.75,68%,Forastero (Nacional)
1499,Solomon Islands,3.25,70%, 
1500,Solomon Islands,3.25,75%, 
1501,Uganda,3.0,70%,"Forastero, Trinitario"
1502,Madagascar,3.0,70%,Trinitario
1503,Venezuela,3.0,70%, 
1504,Bolivia,3.25,70%, 
1505,Peru,3.25,70%, 
1508,Madagascar,3.5,70%,Trinitario
1509,Brazil,3.5,70%,Forastero (Parazinho)
1511,Nicaragua,3.75,70%,Trinitario
1512,Vietnam,4.0,70%,Trinitario
1513,Ecuador,3.25,70%, 
1514,Venezuela,3.5,70%,Criollo
1515,Venezuela,4.0,75%, 
1516,Nicaragua,3.5,70%, 
1517,Peru,3.75,70%,Forastero (Nacional)
1518,Nicaragua,3.25,70%,Trinitario
1519,Ecuador,3.5,80%,Forastero (Nacional)
1520,Vanuatu,3.75,70%,Forastero (Amelonado)
1522,Dominican Republic,3.75,77%,Trinitario
1523,Indonesia,3.25,70%,Criollo
1524,Peru,2.75,70%,Criollo
1525,Trinidad,3.75,70%,Trinitario
1527,Venezuela,3.75,70%,Criollo
1529,Venezuela,4.0,70%,Criollo
1531,Venezuela,3.25,70%,Forastero
1532,Jamaica,4.0,70%,Trinitario
1533,Haiti,3.25,70%, 
1537,Guatemala,3.5,70%,Trinitario
1538,Venezuela,3.75,70%,Trinitario
1540,Papua New Guinea,3.5,85%,Trinitario
1541,Grenada,2.75,70%,Trinitario
1542,Bolivia,3.5,70%,Nacional
1543,Peru,4.0,64%, 
1545,Dominican Republic,3.75,70%,Forastero
1546,Venezuela,3.5,70%,Criollo
1548,Dominican Republic,3.0,70%,Forastero
1549,Ghana,3.5,70%,Forastero
1550,Dominican Republic,3.0,70%,Trinitario
1551,Papua New Guinea,3.5,70%,Trinitario
1552,Madagascar,3.75,70%,Criollo
1553,Venezuela,3.75,70%,Criollo
1554,Nicaragua,3.25,70%, 
1556,Dominican Republic,3.25,70%, 
1557,Madagascar,3.5,70%, 
1558,Venezuela,3.5,75%, 
1559,Ecuador,3.25,75%, 
1560,Papua New Guinea,3.25,77%, 
1561,Tanzania,3.5,80%, 
1562,Dominican Republic,3.0,70%, 
1563,Dominican Republic,3.0,80%, 
1564,Dominican Republic,3.25,75%, 
1565,Dominican Republic,3.75,70%, 
1566,Ecuador,3.5,70%, 
1567,Peru,2.75,70%, 
1569,Ecuador,3.75,70%, 
1570,Madagascar,3.75,70%, 
1571,Vanuatu,2.75,72%,Trinitario
1572,Bolivia,3.0,70%,Criollo
1573,Dominican Republic,3.0,70%, 
1574,Dominican Republic,2.25,84%, 
1575,Ecuador,3.0,70%,Forastero (Nacional)
1577,Guatemala,3.0,70%, 
1578,Nicaragua,3.0,70%,Trinitario (Amelonado)
1579,Madagascar,3.0,70%,Trinitario
1580,Brazil,2.75,68%,Trinitario
1581,India,3.25,72%, 
1582,Ecuador,3.5,84%, 
1583,Ecuador,3.5,70%, 
1584,Philippines,2.5,65%, 
1585,Philippines,2.5,70%, 
1586,Philippines,2.75,75%, 
1587,Madagascar,2.75,67%,Trinitario
1588,Belize,3.25,78%,Trinitario
1589,Peru,2.5,61%,"Criollo, Trinitario"
1590,Peru,3.0,71%,"Criollo, Trinitario"
1591,Venezuela,2.75,70%, 
1592,Venezuela,3.0,60%, 
1593,Sri Lanka,2.75,70%,"Criollo, Trinitario"
1594,Ecuador,3.25,70%, 
1595,Cuba,3.25,88%,Trinitario
1596,Madagascar,3.25,70%,Trinitario
1597,Ecuador,3.75,70%,Forastero (Nacional)
1598,Vietnam,3.25,70%,Trinitario
1599,Brazil,3.5,70%,Forastero (Parazinho)
1600,Venezuela,3.5,70%,Criollo
1601,Cuba,3.75,70%,Trinitario
1602,Madagascar,3.5,70%,Criollo
1603,Madagascar,3.5,70%,Criollo
1604,Nicaragua,3.25,70%, 
1605,Dominican Republic,3.25,70%, 
1606,Madagascar,3.25,70%, 
1607,Peru,3.75,70%, 
1608,Venezuela,3.0,70%, 
1609,Costa Rica,2.75,70%, 
1610,Dominican Republic,2.75,70%, 
1611,Mexico,2.5,70%, 
1612,Peru,3.0,70%, 
1613,Colombia,3.0,70%, 
1614,Papua New Guinea,3.25,62%, 
1615,Vietnam,3.25,60%,Trinitario
1616,Trinidad,2.75,77%,Trinitario
1617,Suriname,3.25,70%,Trinitario
1618,Belize,3.0,68%,Trinitario
1619,Bolivia,3.25,87%, 
1620,Mexico,2.75,75%, 
1621,Dominican Republic,3.0,70%, 
1626,Ghana,2.5,70%,Forastero
1627,Peru,2.5,70%, 
1628,Madagascar,2.75,70%, 
1629,Peru,2.5,70%, 
1630,Madagascar,2.75,70%, 
1632,Papua New Guinea,3.0,70%, 
1633,Dominican Republic,3.5,70%, 
1634,Ecuador,3.25,70%, 
1635,Peru,2.0,70%, 
1636,Ecuador,3.25,70%, 
1637,Bolivia,2.75,70%, 
1638,Madagascar,3.0,70%, 
1639,Mexico,3.25,70%, 
1640,Brazil,2.75,70%, 
1641,Venezuela,3.0,80%, 
1642,Bolivia,3.25,67%, 
1643,Brazil,3.5,70%,Forastero (Parazinho)
1644,Peru,2.75,70%, 
1645,Belize,3.75,70%,Trinitario
1646,Madagascar,3.75,70%,Trinitario
1647,Ecuador,3.25,70%, 
1649,Guatemala,3.75,70%,Trinitario
1650,Ecuador,3.25,77%, 
1651,Madagascar,3.75,67%,Trinitario
1652,Uganda,3.75,73%,Forastero
1653,Peru,3.0,70%, 
1654,Congo,3.25,65%,Forastero
1655,Madagascar,3.5,65%,Trinitario
1657,Ghana,3.0,84%,Forastero
1658,Venezuela,2.0,91%,Blend
1660,Peru,3.25,70%, 
1661,Belize,3.75,72%,"Trinitario, TCGA"
1662,Ecuador,3.25,81%,Forastero (Nacional)
1663,Tobago,4.0,70%,Trinitario
1664,Bolivia,3.0,77%,Criollo
1665,Venezuela,2.75,72%, 
1666,Dominican Republic,3.0,74%, 
1667,Dominican Republic,3.0,72%, 
1668,Madagascar,3.5,72%, 
1670,Ecuador,3.5,75%, 
1671,Madagascar,3.5,75%,Trinitario
1672,Dominican Republic,3.25,68%, 
1673,Bolivia,2.5,75%, 
1674,Dominican Republic,2.75,73%, 
1675,Peru,3.0,60%,Criollo
1676,Dominican Republic,3.75,63%, 
1677,Nicaragua,2.75,74%, 
1678,Dominican Republic,3.0,70%, 
1679,Madagascar,3.0,72%,Trinitario
1680,Tanzania,3.25,72%, 
1681,Venezuela,3.25,65%,Trinitario
1682,Peru,4.0,63%, 
1684,Dominican Republic,3.5,64%, 
1685,Venezuela,4.0,69%, 
1687,Venezuela,4.0,64%,Criollo
1688,Dominican Republic,3.75,64%, 
1689,Ecuador,3.75,66%, 
1690,Ghana,3.5,68%,Forastero
1692,Venezuela,3.75,65%,Trinitario
1693,Madagascar,4.0,64%,"Criollo, Trinitario"
1697,Venezuela,3.25,64%,Criollo (Porcelana)
1700,Trinidad,2.5,64%,Trinitario
1701,Venezuela,3.0,64%,Criollo (Porcelana)
1702,Madagascar,3.5,64%,Trinitario
1703,Ghana,2.5,72%,Forastero
1704,Ghana,2.75,65%,Forastero
1705,Madagascar,2.75,72%,Trinitario
1706,Madagascar,2.75,76%,Trinitario
1707,Madagascar,2.75,80%,Trinitario
1708,Madagascar,3.0,70%,Trinitario
1709,Madagascar,3.0,68%,Trinitario
1710,Madagascar,3.25,64%,Trinitario
1711,Bolivia,3.25,70%, 
1712,Bolivia,3.25,70%, 
1713,Dominican Republic,3.25,90%, 
1714,Trinidad,3.5,75%,Trinitario
1715,Ecuador,3.5,75%, 
1718,Vietnam,3.5,70%,Trinitario
1719,Peru,3.0,75%, 
1720,Ecuador,2.0,100%,Forastero (Arriba)
1721,Ecuador,2.0,90%,Forastero (Arriba)
1722,Ecuador,3.0,75%,Forastero (Arriba)
1723,Ecuador,3.0,65%,Forastero (Arriba)
1724,Madagascar,2.75,77%,Trinitario
1725,Belize,3.0,77%,"Criollo, Trinitario"
1726,Venezuela,3.0,77%,Criollo
1727,Peru,3.25,77%,"Criollo, Trinitario"
1728,Guatemala,2.75,77%,Trinitario
1729,Peru,2.5,70%, 
1730,Venezuela,2.5,70%, 
1732,Dominican Republic,3.5,70%,Trinitario
1733,Peru,3.5,70%, 
1734,Ghana,2.5,72%,Forastero
1735,Peru,2.5,75%,Criollo
1736,Peru,2.75,89%,Criollo
1737,Peru,3.25,75%,Criollo
1738,Peru,2.75,75%,Criollo
1739,Colombia,4.0,70%, 
1740,Colombia,3.0,88%,Trinitario
1741,Indonesia,2.25,100%, 
1742,Madagascar,3.0,71%,Trinitario
1743,Venezuela,3.5,72%, 
1744,Indonesia,3.75,69%, 
1745,Peru,3.0,70%, 
1746,Venezuela,3.25,72%,Trinitario
1747,Venezuela,3.0,74%,Criollo
1748,Bolivia,3.5,76%, 
1749,Ghana,3.75,75%, 
1750,Peru,3.0,70%,Forastero (Nacional)
1751,Ecuador,3.25,70%, 
1752,Trinidad,3.5,70%,Trinitario
1753,Ecuador,2.5,70%, 
1754,Costa Rica,3.0,70%, 
1755,Madagascar,3.25,70%,Trinitario
1756,Venezuela,4.0,70%, 
1757,Dominican Republic,3.5,70%, 
1758,Dominican Republic,3.0,66%, 
1759,Madagascar,2.75,70%, 
1760,Dominican Republic,2.5,70%, 
1761,Papua New Guinea,3.0,70%, 
1763,Madagascar,3.25,70%,Trinitario
1764,Peru,3.25,70%, 
1765,Belize,3.5,70%,Trinitario
1767,Madagascar,3.5,70%,"Criollo, Trinitario"
1768,Ecuador,2.75,70%,Nacional (Arriba)
1769,Trinidad,2.75,85%,Trinitario
1770,Tanzania,3.0,85%,"Criollo, Trinitario"
1771,Tanzania,3.5,70%,"Criollo, Trinitario"
1772,Trinidad,3.5,78%,Trinitario
1773,Solomon Islands,3.75,78%, 
1775,Bolivia,3.5,68%, 
1776,Papua New Guinea,3.5,66%,Trinitario
1777,Bolivia,3.75,72%, 
1779,Panama,3.5,72%, 
1781,Peru,3.0,70%,Criollo (Amarru)
1782,Peru,3.5,70%,Criollo (Amarru)
1783,Dominican Republic,3.75,62%, 
1784,Ecuador,3.0,75%,Forastero (Nacional)
1785,Papua New Guinea,3.0,75%,"Criollo, Trinitario"
1786,Bolivia,3.25,90%, 
1787,Dominican Republic,3.75,70%, 
1788,Congo,3.25,68%,Forastero
1790,Peru,3.75,70%, 
1791,Congo,3.0,65%,Forastero
1792,India,3.5,65%,Forastero
1793,India,3.25,62%, 
1794,Brazil,3.0,65%, 
